{"cameraMode":{"drawMode":0,"name":"Shaded","section":"Shading Mode"},"sceneLighting":true,"audioPlay":false,"sceneViewState":{"m_AlwaysRefresh":false,"showFog":true,"showSkybox":true,"showFlares":true,"showImageEffects":true,"showParticleSystems":true,"showVisualEffectGraphs":true,"m_FxEnabled":true},"in2DMode":false,"pivot":{"x":4.089310646057129,"y":21.338973999023439,"z":-72.19833374023438},"rotation":{"x":0.18666194379329682,"y":0.03389562666416168,"z":-0.006372366566210985,"w":0.9816941022872925},"size":115.76818084716797,"orthographic":false}